Modelo,fold_global,repeat,fold,Accuracy,Precision,Recall,F1,ROC-AUC,Brier
Dummy (prior),0,0,0,0.8703943115707822,0.0,0.0,0.0,0.5,0.112808055471144
Dummy (prior),1,0,1,0.870675719366311,0.0,0.0,0.0,0.5,0.11259960893640027
Dummy (prior),2,0,2,0.8703524086647269,0.0,0.0,0.0,0.5,0.1128391017318173
Dummy (prior),3,0,3,0.8703524086647269,0.0,0.0,0.0,0.5,0.1128391017318173
Dummy (prior),4,0,4,0.8703524086647269,0.0,0.0,0.0,0.5,0.1128391017318173
Dummy (prior),5,1,0,0.8703943115707822,0.0,0.0,0.0,0.5,0.11280805547114402
Dummy (prior),6,1,1,0.870675719366311,0.0,0.0,0.0,0.5,0.11259960893640027
Dummy (prior),7,1,2,0.8703524086647269,0.0,0.0,0.0,0.5,0.1128391017318173
Dummy (prior),8,1,3,0.8703524086647269,0.0,0.0,0.0,0.5,0.11283910173181733
Dummy (prior),9,1,4,0.8703524086647269,0.0,0.0,0.0,0.5,0.11283910173181733
Dummy (prior),10,2,0,0.8703943115707822,0.0,0.0,0.0,0.5,0.11280805547114402
Dummy (prior),11,2,1,0.870675719366311,0.0,0.0,0.0,0.5,0.11259960893640027
Dummy (prior),12,2,2,0.8703524086647269,0.0,0.0,0.0,0.5,0.1128391017318173
Dummy (prior),13,2,3,0.8703524086647269,0.0,0.0,0.0,0.5,0.1128391017318173
Dummy (prior),14,2,4,0.8703524086647269,0.0,0.0,0.0,0.5,0.11283910173181733
Dummy (prior),15,3,0,0.8703943115707822,0.0,0.0,0.0,0.5,0.112808055471144
Dummy (prior),16,3,1,0.870675719366311,0.0,0.0,0.0,0.5,0.11259960893640027
Dummy (prior),17,3,2,0.8703524086647269,0.0,0.0,0.0,0.5,0.1128391017318173
Dummy (prior),18,3,3,0.8703524086647269,0.0,0.0,0.0,0.5,0.11283910173181733
Dummy (prior),19,3,4,0.8703524086647269,0.0,0.0,0.0,0.5,0.1128391017318173
Dummy (prior),20,4,0,0.8703943115707822,0.0,0.0,0.0,0.5,0.112808055471144
Dummy (prior),21,4,1,0.870675719366311,0.0,0.0,0.0,0.5,0.11259960893640027
Dummy (prior),22,4,2,0.8703524086647269,0.0,0.0,0.0,0.5,0.1128391017318173
Dummy (prior),23,4,3,0.8703524086647269,0.0,0.0,0.0,0.5,0.1128391017318173
Dummy (prior),24,4,4,0.8703524086647269,0.0,0.0,0.0,0.5,0.1128391017318173
Logistic Regression,0,0,0,0.8652230122818358,0.486013986013986,0.6932668329177057,0.5714285714285714,0.8779555011468728,0.11402913779267329
Logistic Regression,1,0,1,0.8638861946330424,0.4827018121911038,0.7325,0.5819265143992055,0.873025900482733,0.11450060242267962
Logistic Regression,2,0,2,0.8606530876172002,0.4758842443729904,0.7381546134663342,0.5786901270772239,0.884934765611973,0.11483767824636316
Logistic Regression,3,0,3,0.8690591658583899,0.4965034965034965,0.7082294264339152,0.5837615621788284,0.8698610086966833,0.11146814437263258
Logistic Regression,4,0,4,0.8603297769156159,0.47368421052631576,0.6957605985037406,0.5636363636363636,0.8570818496107427,0.11595298435472293
Logistic Regression,5,1,0,0.865546218487395,0.4869109947643979,0.6957605985037406,0.5728952772073922,0.8712122404719727,0.11374953678283772
Logistic Regression,6,1,1,0.8545101842870999,0.4594155844155844,0.7075,0.5570866141732284,0.8637170441886374,0.11866358133956172
Logistic Regression,7,1,2,0.8651794374393792,0.4867109634551495,0.7306733167082294,0.584247258225324,0.8650291062833259,0.11489984230284785
Logistic Regression,8,1,3,0.8596831555124474,0.4730831973898858,0.7231920199501247,0.571992110453649,0.8834507342342508,0.11312542110396097
Logistic Regression,9,1,4,0.8781118655027481,0.5208333333333334,0.7481296758104738,0.6141248720573184,0.8836429542784939,0.1096956840965755
Logistic Regression,10,2,0,0.8594053005817712,0.4717607973421927,0.7082294264339152,0.5663010967098704,0.8632748800112603,0.11652520249251112
Logistic Regression,11,2,1,0.8671193016488846,0.4904679376083189,0.7075,0.579324462640737,0.8770237653174899,0.11121375619716144
Logistic Regression,12,2,2,0.8632395732298739,0.4810344827586207,0.6957605985037406,0.5688073394495413,0.8447315959729207,0.11546664041600602
Logistic Regression,13,2,3,0.8554801163918526,0.4649390243902439,0.7605985037406484,0.5771050141911069,0.8976453739351472,0.11632481043036402
Logistic Regression,14,2,4,0.8755253798900744,0.514336917562724,0.71571072319202,0.5985401459854015,0.8859565425218529,0.11003897023139625
Logistic Regression,15,3,0,0.863283775048481,0.4817880794701987,0.7256857855361596,0.5791044776119403,0.8863322569921277,0.11582824946509214
Logistic Regression,16,3,1,0.8661493695441319,0.4880952380952381,0.7175,0.5809716599190283,0.8614639806906795,0.1141146651016287
Logistic Regression,17,3,2,0.8697057872615583,0.4983388704318937,0.7481296758104738,0.5982053838484547,0.8842436998143571,0.11175214728300384
Logistic Regression,18,3,3,0.8674426123504688,0.49222797927461137,0.7107231920199502,0.5816326530612245,0.8690106086937188,0.11446416431173108
Logistic Regression,19,3,4,0.8651794374393792,0.486159169550173,0.7007481296758105,0.5740551583248212,0.8662713572680484,0.11336997257490333
Logistic Regression,20,4,0,0.8694246929541047,0.4974271012006861,0.7231920199501247,0.5894308943089431,0.8819577495177762,0.11206364958418887
Logistic Regression,21,4,1,0.870675719366311,0.5,0.765,0.6047430830039525,0.892927961381359,0.11433314922912104
Logistic Regression,22,4,2,0.8703524086647269,0.5,0.7231920199501247,0.5912334352701325,0.8714052535822405,0.10981243870232577
Logistic Regression,23,4,3,0.8638861946330424,0.4833887043189369,0.7256857855361596,0.580259222333001,0.8667197163110056,0.1145717800521861
Logistic Regression,24,4,4,0.8570966698997737,0.46519524617996605,0.683291770573566,0.5535353535353535,0.8563898574514679,0.11570797721883631
Nearest Neighbors,0,0,0,0.9179056237879767,0.8585365853658536,0.4389027431421446,0.5808580858085809,0.7808389349685572,0.07667744020685198
Nearest Neighbors,1,0,1,0.9224054316197866,0.8603603603603603,0.4775,0.6141479099678456,0.789922948384701,0.07408988037504043
Nearest Neighbors,2,0,2,0.9172324603944391,0.8403755868544601,0.4463840399002494,0.5830618892508144,0.7994102781678789,0.07433559650824444
Nearest Neighbors,3,0,3,0.9217588102166182,0.8732394366197183,0.46384039900249374,0.6058631921824105,0.8005747147732452,0.07332686711930166
Nearest Neighbors,4,0,4,0.9201422567086971,0.8632075471698113,0.456359102244389,0.5970636215334421,0.7999105134637403,0.07306821855803428
Nearest Neighbors,5,1,0,0.9159663865546218,0.8615384615384616,0.41895261845386533,0.5637583892617449,0.7777307566582985,0.07729799612152555
Nearest Neighbors,6,1,1,0.9236986744261235,0.8660714285714286,0.485,0.6217948717948718,0.8083489602673598,0.07313288069835112
Nearest Neighbors,7,1,2,0.9162625282896864,0.8349056603773585,0.44139650872817954,0.5774877650897227,0.7845347626476157,0.07666343355965083
Nearest Neighbors,8,1,3,0.9249919172324604,0.8755555555555555,0.4912718204488778,0.6293929712460063,0.7930234777098859,0.07341739411574523
Nearest Neighbors,9,1,4,0.9211121888134497,0.8552036199095022,0.4713216957605985,0.6077170418006431,0.8090838097920133,0.07181377303588748
Nearest Neighbors,10,2,0,0.9188752424046541,0.8289473684210527,0.4713216957605985,0.6009538950715422,0.8048283487345506,0.0721654815772463
Nearest Neighbors,11,2,1,0.9214354995150339,0.8944723618090452,0.445,0.5943238731218697,0.7884394727070183,0.0743097316521177
Nearest Neighbors,12,2,2,0.915615906886518,0.8571428571428571,0.41895261845386533,0.5628140703517588,0.7793517691654963,0.07785321694148077
Nearest Neighbors,13,2,3,0.9182023924991918,0.8162393162393162,0.4763092269326683,0.6015748031496063,0.8202441518788468,0.07224054316197867
Nearest Neighbors,14,2,4,0.9194956353055286,0.8333333333333334,0.47381546134663344,0.604133545310016,0.7904028005765675,0.07410281280310378
Nearest Neighbors,15,3,0,0.925016160310278,0.8823529411764706,0.486284289276808,0.6270096463022508,0.7910047569527723,0.07349709114414998
Nearest Neighbors,16,3,1,0.9149692854833495,0.8477157360406091,0.4175,0.559463986599665,0.7878759747493502,0.07617200129324281
Nearest Neighbors,17,3,2,0.9262851600387972,0.8810572687224669,0.49875311720698257,0.6369426751592356,0.805401522197478,0.07043000323310702
Nearest Neighbors,18,3,3,0.9207888781118655,0.8482142857142857,0.47381546134663344,0.608,0.8018303980020232,0.07387002909796316
Nearest Neighbors,19,3,4,0.9123827998706757,0.8421052631578947,0.39900249376558605,0.5414551607445008,0.7742905922415357,0.07919818946007114
Nearest Neighbors,20,4,0,0.9188752424046541,0.8712871287128713,0.4389027431421446,0.5837479270315091,0.7856699691543515,0.07582417582417583
Nearest Neighbors,21,4,1,0.923052053022955,0.8552631578947368,0.4875,0.6210191082802548,0.8102877831414779,0.07076624636275462
Nearest Neighbors,22,4,2,0.9191723246039444,0.8511627906976744,0.456359102244389,0.5941558441558441,0.7794921129568352,0.075758163595215
Nearest Neighbors,23,4,3,0.9217588102166182,0.863013698630137,0.4713216957605985,0.6096774193548387,0.7948127452542492,0.07273197542838669
Nearest Neighbors,24,4,4,0.9162625282896864,0.8622448979591837,0.42144638403990026,0.5661641541038526,0.7752243647938103,0.0784610410604591
Linear SVM,0,0,0,0.9279250161603103,0.8647540983606558,0.5261845386533666,0.6542635658914728,0.8758251974964185,0.061530200635075916
Linear SVM,1,0,1,0.9291949563530553,0.8389513108614233,0.56,0.671664167916042,0.8714319532120313,0.059676635727667876
Linear SVM,2,0,2,0.9240219851277077,0.8217054263565892,0.5286783042394015,0.6433990895295902,0.8834734300948964,0.060252295751734214
Linear SVM,3,0,3,0.9321047526673133,0.899581589958159,0.5361596009975063,0.671875,0.8665321280750575,0.05932195186409469
Linear SVM,4,0,4,0.9240219851277077,0.8458333333333333,0.5062344139650873,0.6333853354134166,0.8513611031855725,0.06227979307125212
Linear SVM,5,1,0,0.9269553975436329,0.8661087866108786,0.516209476309227,0.646875,0.8671136862633613,0.06206257560369743
Linear SVM,6,1,1,0.9288716456514711,0.835820895522388,0.56,0.6706586826347305,0.8620376903082064,0.061024510544698096
Linear SVM,7,1,2,0.9224054316197866,0.8368200836820083,0.49875311720698257,0.625,0.8640856069336317,0.06238947439092805
Linear SVM,8,1,3,0.9262851600387972,0.841897233201581,0.5311720698254364,0.6513761467889908,0.8817059320495196,0.0597338246325215
Linear SVM,9,1,4,0.9304881991593922,0.8690476190476191,0.5461346633416458,0.6707503828483921,0.8793728902113216,0.057089020029351074
Linear SVM,10,2,0,0.927278603749192,0.8577235772357723,0.5261845386533666,0.652241112828439,0.8642499766180538,0.06128774802978922
Linear SVM,11,2,1,0.9295182670546395,0.8729508196721312,0.5325,0.6614906832298136,0.8741779613813592,0.05961483380200168
Linear SVM,12,2,2,0.9224054316197866,0.851528384279476,0.486284289276808,0.6190476190476191,0.8397046944303432,0.06456062080769694
Linear SVM,13,2,3,0.9311348205625606,0.8700787401574803,0.5511221945137157,0.6748091603053435,0.8986157377729523,0.056793111716809945
Linear SVM,14,2,4,0.9266084707403816,0.8372093023255814,0.5386533665835411,0.6555386949924128,0.8770602283296216,0.06058719918969652
Linear SVM,15,3,0,0.9269553975436329,0.8252788104089219,0.5536159600997507,0.6626865671641791,0.8825207682612999,0.06061819605483265
Linear SVM,16,3,1,0.9243452958292919,0.8516949152542372,0.5025,0.6320754716981132,0.8548700334199777,0.06263844508568521
Linear SVM,17,3,2,0.9356611703847397,0.8854961832061069,0.5785536159600998,0.6998491704374057,0.8830857477406039,0.055091447373436575
Linear SVM,18,3,3,0.9279017135467184,0.8531746031746031,0.5361596009975063,0.6584992343032159,0.8629137594349935,0.060725134082679474
Linear SVM,19,3,4,0.9227287423213708,0.8432203389830508,0.49625935162094764,0.6248037676609105,0.8666613555264884,0.06286054992696175
Linear SVM,20,4,0,0.9253393665158371,0.8601694915254238,0.5062344139650873,0.6373626373626373,0.8757469490032808,0.06131458458005696
Linear SVM,21,4,1,0.9298415777562238,0.8401486988847584,0.565,0.6756352765321375,0.8929864463423691,0.056794059796276525
Linear SVM,22,4,2,0.9288716456514711,0.8521400778210116,0.5461346633416458,0.6656534954407295,0.8662940531286938,0.05986610615782359
Linear SVM,23,4,3,0.9324280633688975,0.8609022556390977,0.571072319201995,0.6866566716641679,0.867376969908068,0.057892886317050356
Linear SVM,24,4,4,0.9204655674102813,0.8444444444444444,0.47381546134663344,0.6070287539936102,0.8553162042886839,0.06587783207939923
RBF SVM,0,0,0,0.9263089851325146,0.9261083743842364,0.4688279301745636,0.6225165562913907,0.8374357459489041,0.0633849365269037
RBF SVM,1,0,1,0.9253152279340446,0.8722466960352423,0.495,0.631578947368421,0.8586775900482734,0.061941492583509006
RBF SVM,2,0,2,0.9253152279340446,0.8863636363636364,0.486284289276808,0.6280193236714976,0.8511670304180114,0.0621466257410979
RBF SVM,3,0,3,0.9266084707403816,0.935,0.46633416458852867,0.6222961730449251,0.8515042260618882,0.06121895105883811
RBF SVM,4,0,4,0.9243452958292919,0.8883720930232558,0.4763092269326683,0.6201298701298701,0.8239848002578991,0.06372204803237631
RBF SVM,5,1,0,0.9221073044602457,0.9,0.4488778054862843,0.5990016638935108,0.8361559895285923,0.06483464406825341
RBF SVM,6,1,1,0.9279017135467184,0.8933333333333333,0.5025,0.6432,0.850699034533977,0.06208355033786806
RBF SVM,7,1,2,0.9214354995150339,0.8872549019607843,0.4513715710723192,0.5983471074380166,0.838937666976689,0.06514231639929556
RBF SVM,8,1,3,0.9279017135467184,0.9009009009009009,0.49875311720698257,0.6420545746388443,0.8508353929440885,0.06147079573879378
RBF SVM,9,1,4,0.9285483349498869,0.9128440366972477,0.49625935162094764,0.6429725363489499,0.8548474652892285,0.05906233629474621
RBF SVM,10,2,0,0.9263089851325146,0.8878923766816144,0.4937655860349127,0.6346153846153846,0.8419514711179719,0.06238704658358943
RBF SVM,11,2,1,0.9262851600387972,0.93,0.465,0.62,0.843215744522837,0.06251428014144662
RBF SVM,12,2,2,0.9224054316197866,0.900497512437811,0.4513715710723192,0.6013289036544851,0.8291404660710778,0.06579012141710334
RBF SVM,13,2,3,0.9275784028451342,0.8864628820960698,0.5062344139650873,0.6444444444444445,0.8747151437898567,0.05857537323224609
RBF SVM,14,2,4,0.923052053022955,0.8790697674418605,0.4713216957605985,0.6136363636363636,0.8507659158196632,0.06329791344018107
RBF SVM,15,3,0,0.9243697478991597,0.8646288209606987,0.4937655860349127,0.6285714285714286,0.8478154780149516,0.06380098208206046
RBF SVM,16,3,1,0.9233753637245393,0.9222797927461139,0.445,0.6003372681281619,0.8372247493501671,0.06420054324120826
RBF SVM,17,3,2,0.9327513740704817,0.9366515837104072,0.516209476309227,0.6655948553054662,0.8630985685859645,0.056917958050081666
RBF SVM,18,3,3,0.9266084707403816,0.881578947368421,0.5012468827930174,0.6391096979332274,0.8485120779033101,0.06233238871488156
RBF SVM,19,3,4,0.9201422567086971,0.8811881188118812,0.44389027431421446,0.5903814262023217,0.8384795811363122,0.06626150148532702
RBF SVM,20,4,0,0.9240465416936006,0.8878504672897196,0.47381546134663344,0.6178861788617886,0.8564589269492441,0.0640501551264263
RBF SVM,21,4,1,0.9311348205625606,0.9082969432314411,0.52,0.6613672496025437,0.8682890828072782,0.05772624505058746
RBF SVM,22,4,2,0.9262851600387972,0.8949771689497716,0.48877805486284287,0.632258064516129,0.8338653737128207,0.06233308765443614
RBF SVM,23,4,3,0.9291949563530553,0.9212962962962963,0.49625935162094764,0.6450567260940032,0.853205026067817,0.05926295427470714
RBF SVM,24,4,4,0.9175557710960233,0.8762886597938144,0.4239401496259352,0.5714285714285714,0.8299783601916456,0.06912361800395558
Decision Tree,0,0,0,0.8697478991596639,0.4976635514018692,0.5311720698254364,0.5138721351025332,0.7267280184240476,0.13009049773755657
Decision Tree,1,0,1,0.8816682832201745,0.5397196261682243,0.5775,0.5579710144927537,0.7521736910508726,0.11833171677982542
Decision Tree,2,0,2,0.8797284190106692,0.5354523227383863,0.5461346633416458,0.5407407407407407,0.7377775842711202,0.12027158098933075
Decision Tree,3,0,3,0.8697057872615583,0.49765258215962443,0.5286783042394015,0.5126964933494559,0.7245042112401019,0.1303750404138377
Decision Tree,4,0,4,0.871968962172648,0.5057736720554272,0.5461346633416458,0.5251798561151079,0.7333199319679998,0.1280310378273521
Decision Tree,5,1,0,0.8648998060762767,0.47961630695443647,0.49875311720698257,0.4889975550122249,0.7090869187965845,0.13510019392372333
Decision Tree,6,1,1,0.8774652440995797,0.5241379310344828,0.57,0.5461077844311377,0.7464073523950983,0.12269641125121242
Decision Tree,7,1,2,0.8735855156805691,0.5120192307692307,0.5311720698254364,0.5214198286413708,0.727794647852879,0.12649531199482703
Decision Tree,8,1,3,0.8787584869059166,0.5308056872037915,0.5586034912718204,0.5443499392466585,0.7425261141351672,0.12124151309408342
Decision Tree,9,1,4,0.8729388942774006,0.5089285714285714,0.5685785536159601,0.5371024734982333,0.7434274640293768,0.1270611057225994
Decision Tree,10,2,0,0.8742727860374919,0.514018691588785,0.5486284289276808,0.5307599517490953,0.7356955735429344,0.12572721396250808
Decision Tree,11,2,1,0.8832848367280957,0.5465393794749404,0.5725,0.5592185592185592,0.7509733568510955,0.1167151632719043
Decision Tree,12,2,2,0.8693824765599741,0.4964871194379391,0.5286783042394015,0.5120772946859904,0.7244060169042476,0.13061752344002586
Decision Tree,13,2,3,0.8651794374393792,0.48283261802575106,0.5610972568578554,0.5190311418685121,0.735786369885094,0.13482056256062075
Decision Tree,14,2,4,0.88360814742968,0.5532467532467532,0.5311720698254364,0.5419847328244275,0.7336395267403556,0.11639185257032007
Decision Tree,15,3,0,0.8826761473820297,0.5456730769230769,0.5660847880299252,0.5556915544675642,0.7479514174089471,0.11732385261797026
Decision Tree,16,3,1,0.8693824765599741,0.49523809523809526,0.52,0.5073170731707317,0.720638692907538,0.13061752344002586
Decision Tree,17,3,2,0.8810216618170061,0.5386416861826698,0.57356608478803,0.5555555555555556,0.7501931464059021,0.11897833818299386
Decision Tree,18,3,3,0.8777885548011639,0.5275779376498801,0.5486284289276808,0.5378973105134475,0.7377243184757275,0.12221144519883609
Decision Tree,19,3,4,0.8667959909473003,0.48693586698337293,0.5112219451371571,0.49878345498783455,0.7154921018404954,0.13320400905269963
Decision Tree,20,4,0,0.8778280542986425,0.528395061728395,0.5336658354114713,0.5310173697270472,0.731370608013942,0.12217194570135746
Decision Tree,21,4,1,0.8816682832201745,0.537117903930131,0.615,0.5734265734265734,0.768138692907538,0.11833171677982542
Decision Tree,22,4,2,0.8768186226964112,0.5240384615384616,0.543640897755611,0.5336597307221542,0.7350448173770626,0.12318137730358875
Decision Tree,23,4,3,0.8752020691884901,0.5178997613365155,0.5411471321695761,0.5292682926829269,0.7330549925335251,0.12479793081150986
Decision Tree,24,4,4,0.8735855156805691,0.5121359223300971,0.5261845386533666,0.5190651906519065,0.7257594312880503,0.12641448431943098
Random Forest,0,0,0,0.9253393665158371,0.8863636363636364,0.486284289276808,0.6280193236714976,0.8361967343060841,0.06713047899833009
Random Forest,1,0,1,0.92725509214355,0.8352490421455939,0.545,0.659606656580938,0.8624354808763461,0.06352867349211481
Random Forest,2,0,2,0.9282250242483027,0.8509803921568627,0.5411471321695761,0.6615853658536586,0.8619725759894468,0.06272041078420806
Random Forest,3,0,3,0.9266084707403816,0.875,0.5062344139650873,0.641390205371248,0.8585408692236719,0.06427418863383266
Random Forest,4,0,4,0.925961849337213,0.8553719008264463,0.516209476309227,0.6438569206842923,0.8492105545941978,0.06419529136580808
Random Forest,5,1,0,0.925016160310278,0.8658008658008658,0.49875311720698257,0.6329113924050633,0.8408634003554055,0.06671034259857789
Random Forest,6,1,1,0.9275784028451342,0.8358778625954199,0.5475,0.6616314199395771,0.8590744522836985,0.06325824936235945
Random Forest,7,1,2,0.9249919172324604,0.8658008658008658,0.49875311720698257,0.6329113924050633,0.8480887306251459,0.06576673402306282
Random Forest,8,1,3,0.92725509214355,0.8492063492063492,0.5336658354114713,0.655436447166922,0.8511401659299003,0.06473947556309947
Random Forest,9,1,4,0.9298415777562238,0.8898305084745762,0.5236907730673317,0.6593406593406593,0.8536547746532629,0.06202699644358228
Random Forest,10,2,0,0.9243697478991597,0.8614718614718615,0.49625935162094764,0.629746835443038,0.8528807946713239,0.06482123464770523
Random Forest,11,2,1,0.9295182670546395,0.9026548672566371,0.51,0.6517571884984026,0.8518399554400298,0.06505096051119014
Random Forest,12,2,2,0.9236986744261235,0.8571428571428571,0.4937655860349127,0.6265822784810127,0.850299029543526,0.06613355875273916
Random Forest,13,2,3,0.9343679275784028,0.8928571428571429,0.5610972568578554,0.6891271056661562,0.8824975080871373,0.06018447294069046
Random Forest,14,2,4,0.9269317814419658,0.8514056224899599,0.5286783042394015,0.6523076923076923,0.8632717982161979,0.06411493085641413
Random Forest,15,3,0,0.9285714285714286,0.8488372093023255,0.5461346633416458,0.6646433990895296,0.8573742954163052,0.06423616543229013
Random Forest,16,3,1,0.9256385386356288,0.8828828828828829,0.49,0.6302250803858521,0.8489082807278128,0.0663249137838129
Random Forest,17,3,2,0.9340446168768186,0.9020408163265307,0.5511221945137157,0.6842105263157895,0.871402011316434,0.06029573599885044
Random Forest,18,3,3,0.9288716456514711,0.8634538152610441,0.5361596009975063,0.6615384615384615,0.854840517576786,0.0642216099525811
Random Forest,19,3,4,0.9224054316197866,0.867579908675799,0.47381546134663344,0.6129032258064516,0.8342400870038871,0.06801072077630492
Random Forest,20,4,0,0.9243697478991597,0.8583690987124464,0.49875311720698257,0.6309148264984227,0.8496869597265656,0.06632608274078862
Random Forest,21,4,1,0.9321047526673133,0.8518518518518519,0.575,0.6865671641791045,0.8645446528035647,0.06105714716428655
Random Forest,22,4,2,0.9266084707403816,0.8565573770491803,0.5211970074812967,0.648062015503876,0.8574093184572001,0.06346874829363797
Random Forest,23,4,3,0.9321047526673133,0.9063829787234042,0.5311720698254364,0.6698113207547169,0.8604524165070236,0.06233776284261953
Random Forest,24,4,4,0.9198189460071128,0.8625592417061612,0.4538653366583541,0.5947712418300654,0.8425509406276285,0.06920938086898731
Balanced Random Forest,0,0,0,0.8416289592760181,0.43267776096822996,0.713216957605985,0.5386064030131826,0.8572122423240081,0.1410194942720678
Balanced Random Forest,1,0,1,0.853216941480763,0.4578125,0.7325,0.5634615384615385,0.8636608800594133,0.1408836869544132
Balanced Random Forest,2,0,2,0.8535402521823472,0.46,0.7456359102244389,0.5689819219790676,0.8722097986830842,0.1381905752685275
Balanced Random Forest,3,0,3,0.8435176204332363,0.43833580980683506,0.7356608478802993,0.5493482309124768,0.8607113345907149,0.14060782075115852
Balanced Random Forest,4,0,4,0.8525703200775946,0.45682888540031397,0.7256857855361596,0.5606936416184971,0.8662820104271268,0.13893567329453607
Balanced Random Forest,5,1,0,0.8500323206205559,0.4496,0.7007481296758105,0.5477582846003899,0.8492827530134931,0.1422226879533865
Balanced Random Forest,6,1,1,0.8425476883284837,0.4357459379615953,0.7375,0.5478180129990715,0.8673816375789082,0.14405494867442611
Balanced Random Forest,7,1,2,0.8522470093760104,0.4559748427672956,0.7231920199501247,0.5593056894889104,0.8623899019168275,0.13961667721916873
Balanced Random Forest,8,1,3,0.8412544455221468,0.4340175953079179,0.7381546134663342,0.5466297322253001,0.8619999036583874,0.14242861658943134
Balanced Random Forest,9,1,4,0.8558034270934368,0.4657534246575342,0.7630922693266833,0.5784499054820416,0.875332563835582,0.13480881021661817
Balanced Random Forest,10,2,0,0.8487394957983193,0.448062015503876,0.7206982543640897,0.5525812619502868,0.8584169913130283,0.1403338073691015
Balanced Random Forest,11,2,1,0.8554801163918526,0.46322378716744916,0.74,0.5697786333012512,0.8705430746379503,0.13838881861371558
Balanced Random Forest,12,2,2,0.8548334949886841,0.46153846153846156,0.7182044887780549,0.5619512195121952,0.850269385970438,0.13856159068865181
Balanced Random Forest,13,2,3,0.847397348852247,0.4483260553129549,0.7680798004987531,0.5661764705882353,0.8873743390409564,0.14221462621690556
Balanced Random Forest,14,2,4,0.8580666020045263,0.46905537459283386,0.7182044887780549,0.5674876847290641,0.8688202413727939,0.13713834015878146
Balanced Random Forest,15,3,0,0.8500323206205559,0.45176110260336905,0.7356608478802993,0.5597722960151803,0.8742555975453123,0.14064095067514185
Balanced Random Forest,16,3,1,0.8396378920142257,0.4294117647058823,0.73,0.5407407407407407,0.8585629409580393,0.14114968275137407
Balanced Random Forest,17,3,2,0.8541868735855157,0.4624624624624625,0.7680798004987531,0.5773195876288659,0.8800773882529931,0.13892656962855193
Balanced Random Forest,18,3,3,0.8493372130617524,0.4496124031007752,0.7231920199501247,0.5544933078393881,0.8652421694648965,0.14071005990228833
Balanced Random Forest,19,3,4,0.8538635628839315,0.4586709886547812,0.7057356608478803,0.555992141453831,0.8645358186999069,0.1355792196536983
Balanced Random Forest,20,4,0,0.8597285067873304,0.47299509001636664,0.7206982543640897,0.5711462450592886,0.8680776706581116,0.13630900129282483
Balanced Random Forest,21,4,1,0.8480439702554154,0.44807121661721067,0.755,0.5623836126629422,0.8752613256591163,0.14262122938894276
Balanced Random Forest,22,4,2,0.8580666020045263,0.46915584415584416,0.7206982543640897,0.5683382497541789,0.8687428901742671,0.1368120999030068
Balanced Random Forest,23,4,3,0.8406078241189784,0.4331395348837209,0.743142144638404,0.5472910927456383,0.8663996583578202,0.1422283321209182
Balanced Random Forest,24,4,4,0.8480439702554154,0.4446227929373997,0.6907730673316709,0.541015625,0.8504717959929299,0.14038202998706756
Calibrated Random Forest,0,0,0,0.9256625727213963,0.9014084507042254,0.47880299251870323,0.6254071661237784,0.8405189217820654,0.06469919874652645
Calibrated Random Forest,1,0,1,0.92725509214355,0.8723404255319149,0.5125,0.6456692913385826,0.8595316561455625,0.06331458055438902
Calibrated Random Forest,2,0,2,0.9266084707403816,0.8625,0.516209476309227,0.6458658346333853,0.8658665372230642,0.06220020972224749
Calibrated Random Forest,3,0,3,0.9269317814419658,0.8923766816143498,0.49625935162094764,0.6378205128205128,0.8506871750786481,0.06423159466440392
Calibrated Random Forest,4,0,4,0.9256385386356288,0.8461538461538461,0.5211970074812967,0.6450617283950617,0.8495315389090425,0.06246567209047316
Calibrated Random Forest,5,1,0,0.9259857789269554,0.9018691588785047,0.48129675810473815,0.6276422764227643,0.8311485489766116,0.06557442797818952
Calibrated Random Forest,6,1,1,0.9279017135467184,0.8339622641509434,0.5525,0.6646616541353384,0.8639231340512439,0.0610945219234394
Calibrated Random Forest,7,1,2,0.9253152279340446,0.842741935483871,0.5211970074812967,0.6440677966101694,0.8581059424247702,0.06454351260312265
Calibrated Random Forest,8,1,3,0.925961849337213,0.8706896551724138,0.5037406483790524,0.6382306477093207,0.8541726108206452,0.06448314461447327
Calibrated Random Forest,9,1,4,0.9282250242483027,0.9124423963133641,0.4937655860349127,0.6407766990291263,0.8586904766316008,0.06296695255729597
Calibrated Random Forest,10,2,0,0.9266321913380737,0.8883928571428571,0.49625935162094764,0.6368,0.8537040243801933,0.06226484278647782
Calibrated Random Forest,11,2,1,0.930164888457808,0.8833333333333333,0.53,0.6625,0.8343246379502411,0.06176523999770686
Calibrated Random Forest,12,2,2,0.9211121888134497,0.8617511520737328,0.46633416458852867,0.6051779935275081,0.8389673105497771,0.06765215725668226
Calibrated Random Forest,13,2,3,0.9321047526673133,0.8930041152263375,0.5411471321695761,0.6739130434782609,0.8804497856399122,0.05912234266403005
Calibrated Random Forest,14,2,4,0.9246686065308761,0.8471074380165289,0.5112219451371571,0.6376360808709176,0.8554556217183636,0.06429169749923826
Calibrated Random Forest,15,3,0,0.9276018099547512,0.8672199170124482,0.5211970074812967,0.6510903426791277,0.853397049522499,0.06430207128833741
Calibrated Random Forest,16,3,1,0.9249919172324604,0.9117647058823529,0.465,0.6158940397350994,0.8451517823988117,0.06658514606940572
Calibrated Random Forest,17,3,2,0.934691238279987,0.8871595330739299,0.5685785536159601,0.6930091185410334,0.8754265895439706,0.05636380148371686
Calibrated Random Forest,18,3,3,0.9282250242483027,0.8623481781376519,0.5311720698254364,0.6574074074074074,0.85189283477784,0.06214994250971999
Calibrated Random Forest,19,3,4,0.9224054316197866,0.896551724137931,0.4538653366583541,0.6026490066225165,0.8369432103248564,0.06733575184908024
Calibrated Random Forest,20,4,0,0.925016160310278,0.8722466960352423,0.4937655860349127,0.6305732484076433,0.853263239969145,0.0649100579865538
Calibrated Random Forest,21,4,1,0.9327513740704817,0.8870967741935484,0.55,0.6790123456790124,0.8659575751949499,0.059793162753645386
Calibrated Random Forest,22,4,2,0.9269317814419658,0.8723404255319149,0.5112219451371571,0.6446540880503144,0.8415750186198694,0.06414006095446047
Calibrated Random Forest,23,4,3,0.9324280633688975,0.9285714285714286,0.5187032418952618,0.6656,0.8626798531160954,0.060417571726165346
Calibrated Random Forest,24,4,4,0.923052053022955,0.8755760368663594,0.47381546134663344,0.6148867313915858,0.8426755362707643,0.06791500453372339
AdaBoost,0,0,0,0.9259857789269554,0.8333333333333334,0.5361596009975063,0.6525037936267072,0.8710103686198539,0.14294967555236304
AdaBoost,1,0,1,0.9262851600387972,0.7965517241379311,0.5775,0.6695652173913044,0.8752887114741924,0.1472921985733594
AdaBoost,2,0,2,0.9262851600387972,0.8078291814946619,0.5660847880299252,0.6656891495601173,0.8740629851819189,0.1471375201788497
AdaBoost,3,0,3,0.9298415777562238,0.8622047244094488,0.5461346633416458,0.6687022900763359,0.8638466056256091,0.1456447745820087
AdaBoost,4,0,4,0.9282250242483027,0.8302583025830258,0.5610972568578554,0.6696428571428571,0.8630119537708477,0.146590080151349
AdaBoost,5,1,0,0.9237233354880414,0.8136882129277566,0.5336658354114713,0.6445783132530121,0.8667886540610967,0.14742952249692762
AdaBoost,6,1,1,0.9266084707403816,0.8035087719298246,0.5725,0.6686131386861314,0.8682152803564798,0.14632436653914485
AdaBoost,7,1,2,0.925961849337213,0.8185185185185185,0.5511221945137157,0.6587183308494784,0.860185624349231,0.14493777040672795
AdaBoost,8,1,3,0.925961849337213,0.8093525179856115,0.5610972568578554,0.6627393225331369,0.8695414139243274,0.13982363100496073
AdaBoost,9,1,4,0.9324280633688975,0.8609022556390977,0.571072319201995,0.6866566716641679,0.8790041982710386,0.14572726181431245
AdaBoost,10,2,0,0.9253393665158371,0.8102189781021898,0.5536159600997507,0.6577777777777778,0.8547170877114677,0.14044193570638014
AdaBoost,11,2,1,0.9279017135467184,0.8443579766536965,0.5425,0.6605783866057838,0.8714365948756035,0.1451841621928638
AdaBoost,12,2,2,0.9220821209182024,0.8149606299212598,0.516209476309227,0.6320610687022901,0.8434800813716081,0.14817181685454164
AdaBoost,13,2,3,0.9298415777562238,0.8006535947712419,0.6109725685785536,0.693069306930693,0.8915249024541173,0.14367947269744277
AdaBoost,14,2,4,0.9253152279340446,0.8079710144927537,0.5561097256857855,0.6587887740029542,0.8646103908134567,0.14212098356164724
AdaBoost,15,3,0,0.925016160310278,0.7923875432525952,0.571072319201995,0.663768115942029,0.880398798769878,0.14636369147030076
AdaBoost,16,3,1,0.925961849337213,0.8406374501992032,0.5275,0.6482334869431644,0.8575905124396583,0.14499441384378864
AdaBoost,17,3,2,0.9366311024894924,0.8673835125448028,0.6034912718204489,0.711764705882353,0.8796989695152906,0.14648116099980177
AdaBoost,18,3,3,0.9256385386356288,0.8021201413427562,0.5660847880299252,0.6637426900584795,0.8644149285034072,0.14591315745741146
AdaBoost,19,3,4,0.9236986744261235,0.8210116731517509,0.5261845386533666,0.6413373860182371,0.8677980012820845,0.14742200315697415
AdaBoost,20,4,0,0.9240465416936006,0.8192307692307692,0.5311720698254364,0.6444780635400907,0.8758224194434078,0.13851500495420502
AdaBoost,21,4,1,0.9321047526673133,0.8253424657534246,0.6025,0.6965317919075145,0.8881233754177498,0.14692814769762685
AdaBoost,22,4,2,0.9262851600387972,0.8168498168498168,0.5561097256857855,0.6617210682492581,0.8705895921414888,0.14545731440536305
AdaBoost,23,4,3,0.9324280633688975,0.8428571428571429,0.5885286783042394,0.6930983847283406,0.8637803707669904,0.14108131469537405
AdaBoost,24,4,4,0.9217588102166182,0.8167330677290837,0.5112219451371571,0.6288343558282209,0.8459344765871354,0.15030907333972124
XGBoost,0,0,0,0.9237233354880414,0.8367346938775511,0.5112219451371571,0.6346749226006192,0.8699287799809796,0.06373209077378746
XGBoost,1,0,1,0.9295182670546395,0.837037037037037,0.565,0.6746268656716418,0.8801508540660973,0.06038234516187226
XGBoost,2,0,2,0.9288716456514711,0.8339483394833949,0.5635910224438903,0.6726190476190477,0.8799944788845123,0.06013607625670942
XGBoost,3,0,3,0.9269317814419658,0.854251012145749,0.5261845386533666,0.6512345679012346,0.8613588613903577,0.06240085437240777
XGBoost,4,0,4,0.92725509214355,0.8358778625954199,0.5461346633416458,0.6606334841628959,0.8587974714032157,0.06172896638955928
XGBoost,5,1,0,0.9288946347769877,0.8724279835390947,0.5286783042394015,0.6583850931677019,0.8633522024867278,0.06227728764614602
XGBoost,6,1,1,0.9282250242483027,0.822463768115942,0.5675,0.6715976331360947,0.8675631266245822,0.061435849864151224
XGBoost,7,1,2,0.9233753637245393,0.828,0.516209476309227,0.6359447004608295,0.8647576823172383,0.06404289179740981
XGBoost,8,1,3,0.9262851600387972,0.8288973384030418,0.543640897755611,0.6566265060240963,0.8738582592552794,0.062206763022634635
XGBoost,9,1,4,0.9321047526673133,0.8774703557312253,0.5536159600997507,0.6788990825688074,0.8855086466597251,0.05677572158305161
XGBoost,10,2,0,0.9276018099547512,0.8390804597701149,0.5461346633416458,0.6616314199395771,0.8630146690459148,0.06161276665321118
XGBoost,11,2,1,0.9291949563530553,0.8549019607843137,0.545,0.665648854961832,0.8700956182695878,0.05948245335741191
XGBoost,12,2,2,0.9214354995150339,0.816,0.5087281795511222,0.6267281105990783,0.8409909475938684,0.06610372448349326
XGBoost,13,2,3,0.9317814419657291,0.8442028985507246,0.5810473815461347,0.6883308714918759,0.892486465856162,0.05741863547166834
XGBoost,14,2,4,0.92725509214355,0.825925925925926,0.5561097256857855,0.6646795827123696,0.8777943699443811,0.06274127715456972
XGBoost,15,3,0,0.9269553975436329,0.8181818181818182,0.5610972568578554,0.665680473372781,0.8632114478008469,0.0632951408334489
XGBoost,16,3,1,0.92725509214355,0.8458498023715415,0.535,0.655436447166922,0.86478277014482,0.06254242978812267
XGBoost,17,3,2,0.9337213061752344,0.8712121212121212,0.57356608478803,0.6917293233082706,0.8923743760954227,0.05568345067081671
XGBoost,18,3,3,0.9253152279340446,0.8171641791044776,0.5461346633416458,0.6547085201793722,0.8713237337562483,0.062269438053143104
XGBoost,19,3,4,0.923052053022955,0.8410041841004184,0.5012468827930174,0.628125,0.8651967777436051,0.06455626901915594
XGBoost,20,4,0,0.9253393665158371,0.83203125,0.5311720698254364,0.6484018264840182,0.8770970827665333,0.06285414931861519
XGBoost,21,4,1,0.930164888457808,0.8172413793103448,0.5925,0.6869565217391305,0.8810044559970294,0.05869760745422558
XGBoost,22,4,2,0.9288716456514711,0.857707509881423,0.5411471321695761,0.6636085626911316,0.8727716370292693,0.06034487029439234
XGBoost,23,4,3,0.9321047526673133,0.8550185873605948,0.57356608478803,0.6865671641791045,0.8713089119697042,0.05805734876780329
XGBoost,24,4,4,0.9240219851277077,0.8577586206896551,0.49625935162094764,0.6287519747235387,0.8510938478469502,0.06598886792361237
CatBoost,0,0,0,0.9263089851325146,0.8530612244897959,0.5211970074812967,0.6470588235294118,0.8765627705707881,0.06186485203668527
CatBoost,1,0,1,0.9295182670546395,0.8321167883211679,0.57,0.6765578635014837,0.877937708874861,0.05991143311635251
CatBoost,2,0,2,0.9279017135467184,0.832089552238806,0.5561097256857855,0.6666666666666666,0.884956998291789,0.059648223072732154
CatBoost,3,0,3,0.930164888457808,0.8714859437751004,0.5411471321695761,0.6676923076923077,0.8689364997609987,0.05964366965210195
CatBoost,4,0,4,0.9269317814419658,0.8277153558052435,0.5511221945137157,0.6616766467065869,0.8657396256757807,0.06069029296127482
CatBoost,5,1,0,0.927278603749192,0.8464566929133859,0.5361596009975063,0.6564885496183206,0.8646865939495858,0.0616273424635358
CatBoost,6,1,1,0.9269317814419658,0.8198529411764706,0.5575,0.6636904761904762,0.869048458967694,0.06112645005488842
CatBoost,7,1,2,0.9246686065308761,0.836,0.5211970074812967,0.642089093701997,0.8669679812356181,0.06232527322211549
CatBoost,8,1,3,0.9298415777562238,0.8484848484848485,0.5586034912718204,0.6736842105263158,0.8815331656001155,0.05948879747807005
CatBoost,9,1,4,0.9314581312641449,0.8764940239043825,0.5486284289276808,0.6748466257668712,0.884727723781186,0.055928083794443376
CatBoost,10,2,0,0.9276018099547512,0.8339622641509434,0.5511221945137157,0.6636636636636637,0.8659640353257221,0.06101779984144036
CatBoost,11,2,1,0.9282250242483027,0.8588709677419355,0.5325,0.6574074074074074,0.8832695878202748,0.05913516257054158
CatBoost,12,2,2,0.925961849337213,0.8613445378151261,0.5112219451371571,0.6416275430359938,0.8508252029658395,0.06302794554395445
CatBoost,13,2,3,0.9340446168768186,0.8456140350877193,0.600997506234414,0.7026239067055393,0.8985791464874219,0.05585097278955981
CatBoost,14,2,4,0.925961849337213,0.8333333333333334,0.5361596009975063,0.6525037936267072,0.8801936466411979,0.06092258652795077
CatBoost,15,3,0,0.9266321913380737,0.8295454545454546,0.5461346633416458,0.6586466165413534,0.8874175497016833,0.06169711837944476
CatBoost,16,3,1,0.925961849337213,0.8607594936708861,0.51,0.640502354788069,0.8624220200519868,0.061311348679214124
CatBoost,17,3,2,0.9369544131910766,0.8901515151515151,0.5860349127182045,0.706766917293233,0.8927606689072267,0.05467929869194802
CatBoost,18,3,3,0.9275784028451342,0.8218181818181818,0.5635910224438903,0.6686390532544378,0.869002271438788,0.06093819188610811
CatBoost,19,3,4,0.9240219851277077,0.8487394957983193,0.5037406483790524,0.6322378716744914,0.8768587446687887,0.06203283508851959
CatBoost,20,4,0,0.925016160310278,0.8477366255144033,0.513715710723192,0.639751552795031,0.880550202658967,0.06099440741961779
CatBoost,21,4,1,0.9321047526673133,0.8345070422535211,0.5925,0.6929824561403509,0.8856934645376903,0.05676949997998227
CatBoost,22,4,2,0.9279017135467184,0.8296296296296296,0.5586034912718204,0.6676602086438153,0.8736748396467969,0.06025731540593119
CatBoost,23,4,3,0.9327513740704817,0.8669201520912547,0.5685785536159601,0.6867469879518072,0.8681500187125055,0.05763313116616449
CatBoost,24,4,4,0.9191723246039444,0.8268398268398268,0.4763092269326683,0.6044303797468354,0.855010504941213,0.06628786642601599
Naive Bayes,0,0,0,0.17162249515190692,0.13405551794177387,0.9875311720698254,0.2360655737704918,0.567184897022205,0.8235491333334022
Naive Bayes,1,0,1,0.1842870999030068,0.13609873157353444,0.9925,0.23937292734398552,0.547303657630895,0.8155211784888785
Naive Bayes,2,0,2,0.13999353378596832,0.12979351032448377,0.9875311720698254,0.22943221320973348,0.5266579094611169,0.8581601340725169
Naive Bayes,3,0,3,0.18396378920142256,0.13534867743043627,0.9825436408977556,0.23792270531400966,0.5701672638611497,0.8159073186285809
Naive Bayes,4,0,4,0.17361784675072744,0.13237802797679973,0.9675810473815462,0.23289315726290516,0.5260316889796312,0.8246939095568852
Naive Bayes,5,1,0,0.178409825468649,0.134267167748548,0.9800498753117207,0.2361778846153846,0.6429368465209052,0.8215761844724614
Naive Bayes,6,1,1,0.1684448755253799,0.13111413043478262,0.965,0.23086124401913877,0.5357217786854809,0.8311799136153601
Naive Bayes,7,1,2,0.16650501131587456,0.13436345314074571,0.9975062344139651,0.23682652457075193,0.5282558833228964,0.8331700200685085
Naive Bayes,8,1,3,0.1616553507921112,0.13270777479892762,0.9875311720698254,0.23397341211225997,0.5277602798353298,0.8374854840459521
Naive Bayes,9,1,4,0.19236986744261236,0.1368202286110149,0.9850374064837906,0.2402676399026764,0.5647262786569979,0.8068913716231473
Naive Bayes,10,2,0,0.17550096961861666,0.13385558583106266,0.9800498753117207,0.23554090500449507,0.5660375611287415,0.8197853805472697
Naive Bayes,11,2,1,0.14193339799547364,0.12903225806451613,0.98,0.2280395578824898,0.5221091719272187,0.8575055238401645
Naive Bayes,12,2,2,0.18655027481409633,0.13496720745598895,0.9750623441396509,0.23711340206185566,0.5453333605066087,0.8125685671169317
Naive Bayes,13,2,3,0.16359521500161656,0.1334674714956405,0.9925187032418953,0.23529411764705882,0.5259774968225794,0.8363967195130944
Naive Bayes,14,2,4,0.18946007112835433,0.13639502762430938,0.9850374064837906,0.23961176827418865,0.6371506227003073,0.8080302289380427
Naive Bayes,15,3,0,0.1845507433742728,0.1346418732782369,0.9750623441396509,0.23661119515885023,0.5301465052556134,0.8148720677952589
Naive Bayes,16,3,1,0.1629485935984481,0.13333333333333333,0.995,0.23515509601181683,0.5322758076494615,0.8370506506328762
Naive Bayes,17,3,2,0.18170061429033302,0.13452299245024021,0.9775561097256857,0.23650075414781296,0.5319418763640675,0.8178608208548799
Naive Bayes,18,3,3,0.18364047849983833,0.13429752066115702,0.972568578553616,0.23600605143721634,0.6090568526677362,0.8131421783500351
Naive Bayes,19,3,4,0.1697381183317168,0.13382899628252787,0.9875311720698254,0.2357142857142857,0.5721473619072674,0.8271126944508115
Naive Bayes,20,4,0,0.17032967032967034,0.13486176668914363,0.9975062344139651,0.2376002376002376,0.5346386169740891,0.8260082460662584
Naive Bayes,21,4,1,0.16488845780795344,0.13261528105015147,0.985,0.23375852862652033,0.5227984589676942,0.8351548678501434
Naive Bayes,22,4,2,0.20077594568380214,0.13653913653913655,0.970074812967581,0.2393846153846154,0.5781946508172362,0.7989753608056307
Naive Bayes,23,4,3,0.18040737148399613,0.13483915126625598,0.9825436408977556,0.23713511886849234,0.5722677889229378,0.8190628218869808
Naive Bayes,24,4,4,0.1687681862269641,0.13245257452574527,0.9750623441396509,0.23322397852669252,0.5293550114313028,0.83050048167703
QDA,0,0,0,0.9198448610213316,0.7781818181818182,0.5336658354114713,0.6331360946745562,0.8620826322607886,0.06923081696578168
QDA,1,0,1,0.9149692854833495,0.709480122324159,0.58,0.6382393397524071,0.8577251206832529,0.07356511864138751
QDA,2,0,2,0.9178790817976075,0.7508532423208191,0.5486284289276808,0.6340057636887608,0.861094848317542,0.06921655200385671
QDA,3,0,3,0.9211121888134497,0.7813620071684588,0.543640897755611,0.6411764705882353,0.8540582051557584,0.06774071435646076
QDA,4,0,4,0.9191723246039444,0.7475409836065574,0.5685785536159601,0.6458923512747875,0.8404953441063019,0.0697568698177206
QDA,5,1,0,0.9175824175824175,0.762589928057554,0.5286783042394015,0.6244477172312224,0.8574821764748914,0.07184102190549647
QDA,6,1,1,0.9159392175881022,0.7243589743589743,0.565,0.6348314606741573,0.8376735982176013,0.0744980847550052
QDA,7,1,2,0.9243452958292919,0.7992831541218638,0.5561097256857855,0.6558823529411765,0.8697896788489401,0.06475661491104283
QDA,8,1,3,0.9188490139023602,0.7551020408163265,0.5536159600997507,0.6388489208633094,0.8550716448107073,0.06966728338834645
QDA,9,1,4,0.9165858389912707,0.7284345047923323,0.5685785536159601,0.6386554621848739,0.8615779459227116,0.07081628567940101
QDA,10,2,0,0.920814479638009,0.7689655172413793,0.5561097256857855,0.6454413892908828,0.8469315941486795,0.06824081332352329
QDA,11,2,1,0.9224054316197866,0.7898550724637681,0.545,0.6449704142011834,0.8620776086149277,0.0657352330683033
QDA,12,2,2,0.9078564500484966,0.7,0.5062344139650873,0.5875542691751086,0.8408649624082439,0.0785598904600896
QDA,13,2,3,0.9201422567086971,0.7319277108433735,0.6059850374064838,0.6630286493860846,0.8764270601356935,0.07024874464891227
QDA,14,2,4,0.9188490139023602,0.7568493150684932,0.5511221945137157,0.6378066378066378,0.8649809354770579,0.06900752057400183
QDA,15,3,0,0.9143503555268261,0.7165605095541401,0.5610972568578554,0.6293706293706294,0.8659246795747357,0.07361551968880548
QDA,16,3,1,0.9139993533785968,0.7375886524822695,0.52,0.6099706744868035,0.8466208689194208,0.07432271484391015
QDA,17,3,2,0.9327513740704817,0.8293515358361775,0.6059850374064838,0.7002881844380403,0.8624779062744328,0.05876502601920946
QDA,18,3,3,0.9146459747817652,0.7216828478964401,0.5561097256857855,0.6281690140845071,0.8613875786017867,0.07245453046571107
QDA,19,3,4,0.9165858389912707,0.7619047619047619,0.5187032418952618,0.6172106824925816,0.8450975088282267,0.07137824359195759
QDA,20,4,0,0.9124111182934712,0.7210884353741497,0.5286783042394015,0.6100719424460431,0.8605102542566718,0.07466487694081453
QDA,21,4,1,0.9201422567086971,0.7297297297297297,0.6075,0.6630286493860846,0.8691886372075753,0.06789769349434568
QDA,22,4,2,0.9227287423213708,0.7793103448275862,0.5635910224438903,0.6541244573082489,0.8610420457029787,0.06727447576891592
QDA,23,4,3,0.9227287423213708,0.7596153846153846,0.5910224438902744,0.664796633941094,0.8585714391584189,0.06696571510336727
QDA,24,4,4,0.9146459747817652,0.7624521072796935,0.49625935162094764,0.6012084592145015,0.8374226024833904,0.07349300695123079
Neural Net,0,0,0,0.9256625727213963,0.88,0.4937655860349127,0.6325878594249201,0.8760191981983401,0.06153183080430664
Neural Net,1,0,1,0.9269317814419658,0.8246268656716418,0.5525,0.6616766467065869,0.8719044745636837,0.06114604891296676
Neural Net,2,0,2,0.925961849337213,0.8359375,0.5336658354114713,0.6514459665144596,0.8876369625712835,0.05950876489864184
Neural Net,3,0,3,0.9321047526673133,0.8962655601659751,0.5386533665835411,0.6728971962616822,0.8695312239460784,0.05922905436931142
Neural Net,4,0,4,0.9227287423213708,0.8292682926829268,0.5087281795511222,0.6306027820710973,0.8612884579042736,0.06196503989591353
Neural Net,5,1,0,0.9243697478991597,0.8778280542986425,0.4837905236907731,0.6237942122186495,0.8735772896018402,0.06209795685364078
Neural Net,6,1,1,0.9288716456514711,0.8515625,0.545,0.6646341463414634,0.8678824730783512,0.060186956518042525
Neural Net,7,1,2,0.9236986744261235,0.8666666666666667,0.486284289276808,0.6230031948881789,0.8617192160757097,0.06313862148726049
Neural Net,8,1,3,0.9275784028451342,0.8864628820960698,0.5062344139650873,0.6444444444444445,0.879815691084325,0.06112919905829154
Neural Net,9,1,4,0.9308115098609764,0.8755020080321285,0.543640897755611,0.6707692307692308,0.889471621836938,0.05590045159201366
Neural Net,10,2,0,0.9263089851325146,0.871244635193133,0.5062344139650873,0.6403785488958991,0.8612459752957006,0.06167267083177903
Neural Net,11,2,1,0.9288716456514711,0.8913043478260869,0.5125,0.6507936507936508,0.880842926104716,0.05891325012260259
Neural Net,12,2,2,0.9201422567086971,0.808,0.5037406483790524,0.620583717357911,0.8461165066531295,0.06559269329345029
Neural Net,13,2,3,0.9308115098609764,0.8695652173913043,0.5486284289276808,0.672782874617737,0.8940649861231024,0.05731049999451085
Neural Net,14,2,4,0.9249919172324604,0.7923875432525952,0.571072319201995,0.663768115942029,0.8857657120200985,0.061615395415605144
Neural Net,15,3,0,0.9256625727213963,0.8250950570342205,0.5411471321695761,0.6536144578313253,0.8835653161933635,0.060799676336682054
Neural Net,16,3,1,0.9262851600387972,0.8839285714285714,0.495,0.6346153846153846,0.8620683252877832,0.06232091909932626
Neural Net,17,3,2,0.9337213061752344,0.8888888888888888,0.5586034912718204,0.6860643185298622,0.8923929033286027,0.0549084407360335
Neural Net,18,3,3,0.92725509214355,0.8636363636363636,0.5211970074812967,0.6500777604976672,0.8648141903784372,0.06137770353723425
Neural Net,19,3,4,0.9233753637245393,0.8628318584070797,0.486284289276808,0.6220095693779905,0.8686261686052328,0.06320248694542165
Neural Net,20,4,0,0.925016160310278,0.8658008658008658,0.49875311720698257,0.6329113924050633,0.8819179307579547,0.06100921340467415
Neural Net,21,4,1,0.9311348205625606,0.8450184501845018,0.5725,0.6825633383010432,0.894244337170442,0.056522596827512386
Neural Net,22,4,2,0.9275784028451342,0.8339622641509434,0.5511221945137157,0.6636636636636637,0.8734330592537971,0.05992202558330651
Neural Net,23,4,3,0.9304881991593922,0.8907563025210085,0.5286783042394015,0.6635367762128326,0.8670346792750664,0.05837402953007631
Neural Net,24,4,4,0.9214354995150339,0.8291666666666667,0.49625935162094764,0.6209048361934477,0.8591837642150197,0.06588941656267976
